Variation,Started,Confirmed,Completion Rate
Test,26672,18682,70.04349130173965
Control,23391,15428,65.95699200547219
